filename,language,genre,label_id,lyrics
bangla/song_1.mp3,Bangla,Folk,0,"সময় গেলে সাধন হবে না।
দিন থাকিতে তিনের সাধন কেন করলে না।।
জানো না মন খালে বিলে
থাকে না মীন জল শুকালে।
কি হবে আর বাঁধাল দিলে, মোহনা শুকনা।।
অসময়ে কৃষি করে
মিছামিছি খেটে মরে।
গাছ যদিও হয় বীজের জোরে, ফল ধরে না।।
অমাবস্যায় পূর্নিমা হয়
মহাযোগ সেই দিনে উদয়।
লালন বলে তাহার সময় দণ্ড রয় না।।"
bangla/song_2.mp3,Bangla,Folk,0,"ঘুমাইয়া ছিলাম, ছিলাম ভালো
ঘুমাইয়া ছিলাম, ঘুমাইয়া ছিলাম, ছিলাম ভালো
জেগে দেখি বেলা নাই, বেলা নাই
কোন বা পথে নিতাইগঞ্জ যাই?
ও বন্ধু রে, কোন বা পথে নিতাইগঞ্জ যাই?

ঘুমাইয়া ছিলাম, ছিলাম ভালো
জেগে দেখি বেলা নাই, বেলা নাই
কোন বা পথে নিতাইগঞ্জ যাই?
ও বন্ধু রে, কোন বা পথে নিতাইগঞ্জ যাই?

নিতাইগঞ্জ করবো বাসা
মনে ছিলো দারুন আশা গো
আরে, নিতাইগঞ্জ করবো বাসা
মনে ছিলো দারুন আশা গো

এবার ছয় ডাকাতে চুক্তি করে
ছয় ডাকাতে চুক্তি করে
আশার মুখে দিলো ছাই, দিলো ছাই
কোন বা পথে নিতাইগঞ্জে যাই?
ও বন্ধু রে, কোন বা পথে নিতাইগঞ্জ যাই?

নিতাইগঞ্জ যাবার আশে
দাঁড়ায় আছি রাস্তার পাশে গো
আরে, নিতাইগঞ্জ যাবার আশে
দাঁড়ায় আছি রাস্তার পাশে গো

আরে, গাড়িতে চড়বো, টিকিট কাটবো
গাড়িতে চড়বো, টিকিট কাটবো
ভক্তি মাসুল কিছু নাই, কিছু নাই
কোন বা পথে নিতাইগঞ্জে যাই?
ও বন্ধু রে, কোন বা পথে নিতাইগঞ্জ যাই?

নিতাইগঞ্জ ডাইনে রেখে
সাধের নৌকা দিলাম ছেড়ে গো
আরে, নিতাইগঞ্জ ডাইনে রেখে
সাধের নৌকা দিলাম ছেড়ে গো

এবার নিতাইগঞ্জ বামে রেখে
নিতাইগঞ্জ বামে রেখে
ঢাকার গাঙে নাও ডুবাই, নাও ডুবাই
কোন বা পথে নিতাইগঞ্জ যাই?
ও বন্ধু রে, কোন বা পথে নিতাইগঞ্জ যাই?

ঢাকার শহর চকবাজারে
দোকান দিলাম কামনীর কোলে গো
কাঙালিনী সুফিয়া বলে
চালানের মাল কিছুই নাই ।।

কোন বা পথে নিতাইগঞ্জ যাই?
ও বন্ধু রে, কোন বা পথে নিতাইগঞ্জ যাই?

ঘুমাইয়া ছিলাম, ছিলাম ভালো
ঘুমাইয়া ছিলাম, ঘুমাইয়া ছিলাম, ছিলাম ভালো
জেগে দেখি বেলা নাই, বেলা নাই
কোন বা পথে নিতাইগঞ্জ যাই?
ও বন্ধু রে, কোন বা পথে নিতাইগঞ্জ যাই?
ও বন্ধু রে, কোন বা পথে নিতাইগঞ্জ যাই?
ও বন্ধু রে, কোন বা পথে নিতাইগঞ্জ যাই?"
bangla/song_3.mp3,Bangla,Folk,0,"আগে যদি জানতাম তবে মন ফিরে চাইতাম
এই জ্বালা আর প্রাণে সহে না
ও মন রে…
কিসের তরে রয়ে গেলি তুই

বলেছিলি তুই যে আমায়
আমি নাকি ভুলে যাবো
ভুলে আমি ঠিকই তো যেতাম
পোড়া মনে তোরই কথা
বারে বারে বেজে ওঠে
তাই তোকে আর ভোলা হলো না রে
এই জ্বালা আর প্রাণে সহে না রে

জানিনা কেনো যে আমায়
একা ফেলে চলে গেলি
ভুলেও কি মনে পড়ে না
তোরই মতো কোনদিনও
আমিও যে ভুলে যাবো
তবু এই জ্বালা প্রাণে সইবো না রে
এই জ্বালা আর প্রাণে সহে না"
bangla/song_4.mp3,Bangla,Folk,0,"কী জাদু করিয়া বন্ধে
মায়া লাগাইছে
পিরিতি শিখাইছে
দেওয়ানা বানাইছে ॥

বসে ভাবি নিরালা
আগে তো জানি না
বন্ধের পিরিতের জ্বালা
যেমন ইট-বাট্টায় দিয়া কয়লা
আগুন জ্বালাইছে–
দেওয়ানা বানাইছে ॥

কী বলিব আর
বিচ্ছেদের আগুনে পুড়ে
কলিজা আঙ্গার
প্রাণবন্ধুর পিরিতে আমার
কুলমান গেছে–
দেওয়ানা বানাইছে ॥

আবদুল করিম গায়
ভুলিতে পারি না আমার
মনে যারে চায়
কুলনাশা পিরিতের নেশায়
পাগল করেছে–
দেওয়ানা বানাইছে ॥"
bangla/song_5.mp3,Bangla,Folk,0,"তোমার ঘরে বাস করে কারা
ও মন জান না,
তোমার ঘরে বসত করে কয় জনা,
মন জান না

তোমার ঘরে বসত করে কয় জনা

এক জনায় ছবি আঁকে এক মনে,
ও রে মন
আরেক জনায় বসে বসে র ংমাখে
ও আবার সেই ছবিখান নষ্ট করে
কোন জনা,কোন জনা

তোমার ঘরে বসত করে কয় জনা

এক জনায় সুর তোলে এক তারে,
ও মন, আরেক জন মন্দিরাতে তাল তোলে
ও আবার বেসুরো সুর ধরে দেখো
কোন জনা, কোন জনা

তোমর ঘরে বসত করে কয় জনা

রস খাইয়া হইয়া মাত, ঐ দেখো
হাত ফসকে যায় ঘোড়ার লাগাম
সেই লাগাম খানা ধরে দেখো
কোন জনা, কোন জনা

তোমার ঘরে বসত করে কয় জনা"
bangla/song_6.mp3,Bangla,Folk,0,"গুরু দোহাই তোমার, মনকে আমার লও গো সুপথে।
তোমার দয়া বিনে তোমার সাধবো কি মতে।।
            তুমি যারে হও গো সদয়
            সে তোমারে সাধনে পায়
            বিবাদী তার স্ববশে রয়
                        তোমার কৃপাতে।।
            যন্ত্রেতে যন্ত্রী যেমন
            যেমত বাজায় বাজে তেমন
            তেমনি যন্ত্র আমার মন
                        বোল তোমার হাতে।।
            জগাই মাধাই দস্যু ছিল
            তারে গুরুর কৃপা হল
            অধীন লালন দোহাই দিল
                        সেই আশাতে।।"
bangla/song_7.mp3,Bangla,Folk,0,"মানুষ ভজলে সোনার মানুষ হবি।
মানুষ ছাড়া ক্ষ্যাপা রে তুই মূল হারাবি।।
এই মানুষে মানুষ গাথা
গাছে যেমন আলকলতা।
জেনে শুনে মুড়াও মাথা
জাতে ত্বরবি।।
দ্বিদলে মৃণালে
সোনার মানুষ উজলে।
মানুষ গুরুর কৃপা হলে
জানতে পাবি।।
এই মানুষ ছাড়া মন আমার
পড়বি রে তুই শূন্যকার।
লালন বলে মানুষ আকার
ভজলে তারে পাবি।।"
bangla/song_8.mp3,Bangla,Folk,0,"খোদার ঘরে নালিশ করতে দিল না আমারে।
পাপ পূণ্যের বিচার এখন মানুষে করে।।
আমার দুঃখের কথা শোনার মত কোন মানুষ নাই
আমি কার কাছে জানাই
আমার চক্ষের পানি মুছার মত আপন কেহ নাই
আমি কোথায় পাবো ঠাই
আজ শোনরে মানুষ শোন
এই দুঃখেরই আগুন
(ও) আর কতকাল জ্বালিয়ে রাখবি আমার অন্তরে
পাপ পূণ্যের বিচার এখন মানুষই করে।।"
bangla/song_9.mp3,Bangla,Folk,0,"মিলন হবে কত দিনে
আমার মনের মানুষের সনে।।
চাতক প্রায় অহর্নিশি
চেয়ে আছে কালো শশী।
হব বলে চরণদাসী
তা হয় না কপাল গুণে।।
মেঘের বিদ্যুৎ মেঘে যেমন
লুকালে না পায় অন্বেষণ।
কালারে হারায়ে তেমন
ঐ রূপ হেরি এ দর্পণে।।
ঐ রূপ যখন স্মরণ হয়
থাকে না লোকলজ্জার ভয়।
লালন ফকির ভেবে বলে সদাই
ও প্রেম যে করে সেই জানে।।"
bangla/song_10.mp3,Bangla,Folk,0,"শুয়াচান পাখি আমার শুয়াচান পাখি
আমি ডাকিতাছি তুমি ঘুমাইছ নাকি

শুয়াচান পাখি আমার শুয়াচান পাখি
আমি ডাকিতাছি তুমি ঘুমাইছ নাকি

তুমি আমি জনম ভরা রে বন্ধু
ছিলাম মাখামাখি

তুমি আমি জনম ভরা 
ছিলাম মাখামাখি
আজ কেন হইলে নীরব
মেলো দুটি আঁখি রে পাখি
আমি ডাকিতাছি তুমি ঘুমাইছ নাকি

শুয়াচান পাখি আমার শুয়াচান পাখি
আমি ডাকিতাছি তুমি ঘুমাইছ নাকি

বুলবুলি আর তোতা ময়না
কত নামে ডাকি তোরে

বুলবুলি আর তোতা ময়না
কত নামে ডাকি তোরে
শিকল ভেঙ্গে চলে গেলে কারে লইয়া থাকি
কারে লইয়া থাকি

শুয়াচান পাখি আমার শুয়াচান পাখি
আমি ডাকিতাছি তুমি ঘুমাইছ নাকি

তোমার আমার এই পিরিতি
চর্ন্দ্র সূর্য্য সাক্ষী
হঠাৎ করে চলে গেলে
বুঝলাম না চালাকিরে পাখি
আমি ডাকিতাছি তুমি ঘুমাইছ নাকি
আমি ডাকিতাছি তুমি ঘুমাইছ নাকি"
bangla/song_11.mp3,Bangla,Folk,0,"আমার গায়ে যত দুঃখ সয়
বন্ধুয়ারে করো তোমার মনে যাহা লয়
বন্ধুয়ারে করো তোমার মনে যাহা লয়...
আমার গায়ে যত দুঃখ সয়
বন্ধুয়ারে করো তোমার মনে যাহা লয়
বন্ধুয়ারে করো তোমার মনে যাহা লয়...
নিঠুর বন্ধুরে...
বলেছিলে আমার হবে
মন দিয়াছি এই ভেবে
সাক্ষী কেউ ছিল না সে সময়
ও... ও... বন্ধুরে...
সাক্ষী শুধু চন্দ্র তারা
একদিন তুমি পড়বে ধরা রে বন্ধু
ত্রিভুবনের বিচার যেদিন হয়... রে বন্ধু
ত্রিভুবনের বিচার যেদিন হয়
বন্ধুয়ারে করো তোমার মনে যাহা লয়
বন্ধুয়ারে করো তোমার মনে যাহা লয়
নিঠুর বন্ধুরে... এ
দুঃখ দিয়া হিয়ার ভিতর
একদিন ও না লইলে খবর
এই কি তোমার প্রেমের পরিচয়
ও... ও... বন্ধুরে...
মিছামিছি আশা দিয়া
কেন বা প্রেম শিখাইয়া রে... বন্ধু
দূরে থাকা উচিৎ কি আর হয় রে... বন্ধু
দূরে থাকা উচিৎ কি আর হয়
বন্ধুয়ারে করো তোমার মনে যাহা লয়
বন্ধুয়ারে করো তোমার মনে যাহা লয়...
নিঠুর বন্ধুরে... এ
বিচ্ছেদের বাজারে গিয়া, তোমার প্রেম বিকি দিয়া
করব না প্রেম আর যদি কেউ কয়
ও... ও... বন্ধুরে...
পাষাণ বন্ধুরে... এ
বিচ্ছেদের বাজারে গিয়া, তোমার প্রেম বিকি দিয়া
করব না প্রেম আর যদি কেউ কয়
ও... ও... বন্ধুরে...
উকিলের হয়েছে জানা...
উকিলের হয়েছে জানা, কেবলই চোরের কারখানা রে... বন্ধু
চোরে চোরে বেওয়ালা হয় রে... বন্ধু
চোরে চোরে বেওয়ালা হয়
বন্ধুয়ারে করো তোমার মনে যাহা লয়
আমার গায়ে যত দুঃখ সয়
বন্ধুয়ারে করো তোমার মনে যাহা লয়
বন্ধুয়ারে করো তোমার মনে যাহা লয়"
bangla/song_12.mp3,Bangla,Folk,0,"কে বলে পাগল সে যেনো কোথায় রয়েছো কতই দূরে মন কেন এতো কথা বলে

কে বলে পাগল সে যেনো কোথায় রয়েছো কতই দূরে মন কেন এতো কথা বলে

ও পাগল মন, মন রে মন কেন এতো কথা বলে ও পাগল মন, মন রে মন কেন এতো কথা বলে

মনকে আমার যত চাই যে বুঝাইতে মন আমার চায় রঙের ঘোড়া দৌড়াইতে মনকে আমার যত চাই যে বুঝাইতে মন আমার চায় রঙের ঘোড়া দৌড়াইতে

পাগল মন রে মন কেন এতো কথা বলে ও পাগল মন, মন রে মন কেন এতো কথা বলে

আমি বা কে আমার মনটা বা কে আজও পারলাম না আমার মনকে চিনিতে আমি বা কে আমার মনটা বা কে আজও পারলাম না আমার মনকে চিনিতে

পাগল মন রে মন কেন এতো কথা বলে ও পাগল মন, মন রে মন কেন এতো কথা বলে

আশি তোলায় সের হইলে চল্লিশ সেরে মণ মনে মনে এক মন না হইলে মিলবে না ওজন আশি তোলায় সের হইলে চল্লিশ সেরে মণ মনে মনে এক মন না হইলে মিলবে না ওজন

পাগল মন রে মন কেন এতো কথা বলে… কে বলে পাগল সে যেনো কোথায় রয়েছো কতই দূরে মন কেন এতো কথা বলে

ও পাগল মন, মন রে মন কেন এতো কথা বলে ও পাগল মন, মন রে মন কেন এতো কথা বলে"
bangla/song_13.mp3,Bangla,Folk,0,"তোমরা ভুলেই গেছ মল্লিকাদির নাম 

 তোমরা ভুলেই গেছ মল্লিকাদির নাম 

 মনে নেই সেই আপোষহীন নেত্রী 

 মনে নেই সেই আপোষহীন নেত্রী 

 আসলে তোমরা কোনদিন তাকে 

 দিতে পারনি তো দাম 

 তোমরা ভুলেই গেছ মল্লিকাদির নাম। 

 

 ব্রিটিশ বিরোধী আন্দোলনে তিনি 

 ছিলেন সবার আগে 

 দেশের জন্য পুড়ে মরেছেন 

 দেশপ্রেমেরি রাগে। 

 

 তেভাগা এবং কৃষাণ সভার 

 করেছিলেন কাজ 

 অথচ তাকে মনে করতে 

 তোমাদের এত লাজ। 

 

 বিপ্লবী সেই অগ্নিকন্যা 

 ইলা মিত্র তার নাম 

 তোমরা ভুলেই গেছ মল্লিকাদির নাম।"
bangla/song_14.mp3,Bangla,Folk,0,"ও মোর বানিয়া বন্ধুরে 

 একটা তাবিজ বানাইয়া দে 

 ও মোর বানিয়া বন্ধুরে 

 একটা তাবিজ বানাইয়া দে 

 আমার বন্ধু আইবো কাইল নিশি রাতে 

 সাপে যেন না কামড়ায় তারে 

 ও মোর বানিয়া বন্ধুরে 

 একটা তাবিজ বানাইয়া দে। 

 

 জঙ্গলেতে থাকে সাপ 

 দংশিলে বড় বিষ 

 প্রাণ বন্ধুয়া না জানিলে 

 তুই মারিস না হিস হিস 

 ও মোর বানিয়া বন্ধুরে 

 একটা তাবিজ বানাইয়া দে। 

 

 সাপের মুখে দিয়ে চাবি 

 মারণ মন্ত্র পড়ো 

 বন্ধু আমার নিরাপদে 

 আসুক আমার ঘরে 

 ও মোর বানিয়া বন্ধুরে 

 একটা তাবিজ বানাইয়া দে।"
bangla/song_15.mp3,Bangla,Folk,0,"নৌকা ও, নৌকা ও, নৌকা ও 

 ও মাঝি নৌকা ছাইড়া দে 

 ও মাঝি নৌকা ছাইড়া দে 

 ছাইড়া দে, ছাইড়া দে, ছাইড়া দে 

 

 মন পবনের নাও 

 ভাইট্যা গাঙে উজান বাইয়া যাও 

 কোন ঘাটে লাগাইবা নৌকা 

 কারে শুধাও 

 

 চিতায় যখন তুলবে মরে 

 সবাই দিবে ফাকি 

 এই দুনিয়ায় দুদিনেরই 

 আমরা সবাই থাকি 

 

 কোন বা দোষে দোষী আমি 

 কইরাছ আসামী 

 ভালো মন্দের বিচার কর 

 অন্তর্যামী। 

 

 ও মাঝি নৌকা ছাইড়া দে।"
bangla/song_16.mp3,Bangla,Folk,0,"পুরানো সেই দিনের কথা ভুলবি কি রে হায় 

 ও সেই চোখের দেখা, প্রাণের কথা, সে কি ভোলা যায় 

 আয় আর-একটিবার আয় রে সখা, প্রাণের মাঝে আয় 

 মোরা সুখের দুখের কথা কব, প্রাণ জুড়াবে তায়। 

 

 মোরা ভোরের বেলা ফুল তুলেছি, দুলেছি দোলায় 

 বাজিয়ে বাঁশি গান গেয়েছি বকুলের তলায় 

 হায় মাঝে হল ছাড়াছাড়ি, গেলেম কে কোথায় 

 আবার দেখা যদি হল, সখা, প্রাণের মাঝে আয়।"
bangla/song_17.mp3,Bangla,Folk,0,"আমি চিনি গো চিনি তোমারে ওগো বিদেশিনী 

 তুমি থাক সিন্ধুপারে ওগো বিদেশিনী। 

 তোমায় দেখেছি শারদপ্রাতে, তোমায় দেখেছি মাধবীরাতে 

 তোমায় দেখেছি হৃদিমঝারে ওগো বিদেশিনী। 

 আমি আকাশে পাতিয়া কান শুনেছি শুনেছি তোমারি গান 

 আমি তোমারে সঁপেছি প্রাণ ওগো বিদেশিনী। 

 ভুবন ভ্রমিলে তুমি সে কোন্ দেশে 

 আমি অতিথি তোমারি দ্বারে ওগো বিদেশিনী।"
bangla/song_18.mp3,Bangla,Folk,0,"মায়াবনবিহারিণী হরিণী 

 গহনস্বপনসঞ্চারিণী। 

 কেন তারে ধরিবার করি পণ 

 অকারণ। 

 থাকুক সে ছায়াময়ী আবছায়া 

 মেলুক সে মায়াময়ী মহামায়া। 

 থাক্ সে সুদূরে, থাক্ সে অদূরে 

 থাক্ সে আঁখির বাহিরে। 

 বাজুক হূদয়ে তারি নূপুরধ্বনি 

 গহনস্বপনসঞ্চারিণী।"
bangla/song_19.mp3,Bangla,Folk,0,"আমারো পরানো যাহা চায় 

 তুমি তাই, তুমি তাই গো। 

 তোমা ছাড়া আর এ জগতে 

 মোর কেহ নাই কিছু নাই গো। 

 তুমি সুখ যদি নাহি পাও 

 যাও সুখের সন্ধানে যাও 

 আমি তোমারে পেয়েছি হৃদয়ে 

 আর কিছু নাহি চাই গো। 

 আমি তোমারি বিরহে রহিব বিলীন 

 তোমাতে করিব বাস 

 দীর্ঘ দিবস, দীর্ঘ রজনী 

 দীর্ঘ বরষ মাস। 

 যদি আর-কারে ভালোবাস 

 যদি আর ফিরে নাহি আস 

 তবে তুমি যাহা চাও তাই যেন পাও 

 আমি যত দুখ পাই গো।"
bangla/song_20.mp3,Bangla,Folk,0,"আমার হিয়ার মাঝে লুকিয়ে ছিলে 

 দেখতে আমি পাই নি 

 তোমায় দেখতে আমি পাই নি। 

 বাহির-পানে চোখ মেলেছি 

 আমার হৃদয়-পানে চাই নি। 

 আমার সকল ভালোবাসায় 

 সকল আঘাত সকল আশায় 

 তুমি ছিলে আমার কাছে 

 তোমার কাছে যাই নি। 

 তুমি মোর আনন্দ হয়ে ছিলে আমার খেলায় 

 আনন্দে তাই ভুলেছিলেম, কেটেছে দিন হেলায়। 

 গোপন রহি গভীর প্রাণে 

 আমার দুঃখসুখের গানে 

 সুর দিয়েছ তুমি, আমি 

 তোমার গান তো গাই নি।"
bangla/song_21.mp3,Bangla,Folk,0,"যদি তোর ডাক শুনে কেউ না আসে তবে একলা চলো রে। 

 তবে একলা চলো, একলা চলো, একলা চলো, একলা চলো রে। 

 যদি কেউ কথা না কয়, ওরে ও অভাগা, 

 যদি সবাই থাকে মুখ ফিরায়ে সবাই করে ভয় 

 তবে পরান খুলে 

 ও তুই মুখ ফুটে তোর মনের কথা একলা বলো রে। 

 যদি সবাই ফিরে যায়, ওরে ও অভাগা, 

 যদি গহন পথে যাবার কালে কেউ ফিরে না চায় 

 তবে পথের কাঁটা 

 ও তুই রক্তমাখা চরণতলে একলা দলো রে।"
bangla/song_22.mp3,Bangla,Folk,0,"মোমের পুতুল মমির দেশের মেয়ে নেচে যায় 

 বিহ্বল চঞ্চল পায়। 

 খর্জুর বীথির ধূলি উড়ে যায় 

 পবনে তার উত্তরীয় লুটে যায় 

 দুটি রাঙা পায়। 

 ঝর ঝর ঝর ঝরে নূপুর 

 মরু সাহারায় গাহে বুলবুল 

 গাহে বুলবুল 

 মরীচিকায় কে গো চায়।"
bangla/song_23.mp3,Bangla,Folk,0,"কারার ঐ লৌহকপাট 

 ভেঙ্গে ফেল কর রে লোপাট 

 রক্ত-জমাট 

 শিকল পূজার পাষাণ-বেদী। 

 ওরে ও তরুণ ঈশান 

 বাজা তোর প্রলয় বিষাণ 

 ধ্বংস নিশান 

 উড়ুক প্রাচীর প্রাচীর ভেদি। 

 গাজনের বাজনা বাজা 

 কে মালিক কে সে রাজা 

 কে দেয় সাজা 

 মুক্ত স্বাধীন সত্যকে রে? 

 হা হা হা পায় যে হাসি 

 ভগবান পরবে ফাঁসি 

 সর্বনাশী শিখায় এ হীন তথ্য কে রে।"
bangla/song_24.mp3,Bangla,Folk,0,"পরদেশী মেঘ, যাও রে ফিরে 

 বলিও আমার পরদেশী রে 

 পরদেশী মেঘ... 

 সে দেশে যবে বাদল ঝরে 

 কাঁদে না কি প্রাণ একেলা ঘরে 

 বিরহ ব্যথা নাহি কি সেথা 

 বাজে না বাঁশি নদীর তীরে 

 পরদেশী মেঘ... 

 বাদল রাতে ডাকিলে পিউ 

 ফাও ফাও বলে কাঁদে না হিয়া 

 মণিহারা ফনি অবশ অঙ্গে 

 দুলিছে কেয়া বিজন নীরে 

 পরদেশী মেঘ..."
bangla/song_25.mp3,Bangla,Folk,0,"আমার ভিতর ও বাহিরে অন্তরে অন্তরে 

 আছো তুমি হৃদয় জুড়ে 

 আমার ভিতর ও বাহিরে অন্তরে অন্তরে 

 আছো তুমি হৃদয় জুড়ে। 

 

 ঢেকে রাখে যেমন কুসুম পাপড়ির আবডালে ফসলের ঘুম 

 তেমনি তোমার নিবিড় চলা মরমের মূল পথ ধরে 

 আমার ভিতর ও বাহিরে অন্তরে অন্তরে 

 আছো তুমি হৃদয় জুড়ে। 

 

 পুষে রাখে যেমন ঝিনুক খোলসের আবরণে মুক্তার সুখ 

 তেমনি তোমার গভীর ছোঁয়া ভিতরের নীল বন্দরে 

 আমার ভিতর ও বাহিরে অন্তরে অন্তরে 

 আছো তুমি হৃদয় জুড়ে। 

 

 ভালো আছি ভালো থেকো আকাশের ঠিকানায় চিঠি লিখো 

 ভালো আছি ভালো থেকো আকাশের ঠিকানায় চিঠি লিখো 

 দিও তোমার মালাখানি বাউলের এই মনটারে 

 আমার ভিতর ও বাহিরে অন্তরে অন্তরে 

 আছো তুমি হৃদয় জুড়ে।"
bangla/song_26.mp3,Bangla,Rock,0,"সেই তুমি কেন এত অচেনা হলে, সেই আমি কেন তোমাকে দুঃখ দিলাম? কেমন করে এত অচেনা হলে তুমি? কি জানো না তোমাকে ছাড়া আমি অনেক একা? অচেনা পথটি চিনে নিও তুমি, চলবে না কোনদিন তুমি তখন আমি।"
bangla/song_27.mp3,Bangla,Rock,0,"বসে আছি একা, কাছে নিও না আমায়। অচেনা এই শহরে চেনো না কেউ আমায়। কোথায় যাবো আমি কার কাছে? শুধু একা একা বসে আছি। সবাইকে আপন ভাবতে পারিনা আমি আর, তাই তো একা থাকি।"
bangla/song_28.mp3,Bangla,Rock,0,ফিরিয়ে দাও আমার প্রেম তুমি ফিরিয়ে দাও। ফিরিয়ে দাও হারানো দিনগুলো। ফিরিয়ে দাও এই আগুন নিভিয়ে দাও। যদি পারো আমায় ভালোবেসে নিও।
bangla/song_29.mp3,Bangla,Rock,0,"আমার পৃথিবী ছোট হয়ে আসে, শুধু তোমাকে ভালোবেসে। তুমি যেতে চেয়েছ, যাও চলে যাও। তবে যেতে যেতে একবার পিছু ফিরে তাকাও, দেখবে কি যে ভালোবাসা কারণে অকারণে।"
bangla/song_30.mp3,Bangla,Rock,0,"তোমাকেই আজও আমি খুঁজে ফিরি অনিকেত প্রান্তরে, অনিকেত প্রান্তরে। তবুও আমি তোমারি অপেক্ষায় থেকেছি। জানি না কখন পাবো তোমায়, শুধু জানি পাবো তোমায়।"
bangla/song_31.mp3,Bangla,Rock,0,এই অবেলা তোমার কাছে বাড়ি ফেরার পথে কিছু গল্প শোনা হলো না। চাইতেই পারো প্রতিদিন আপন করে নিতে আমায়। চাইতেই পারো ভালোবাসার নীলিমায় হারাতে।
bangla/song_32.mp3,Bangla,Rock,0,"হাসিমুখ শুনেছি ঘাসের পথে, ক্ষেত্রত সময় পেরিয়ে যেতে দেখেছি। অন্য কোনো আকাশে তোমার বৃষ্টিতে ভিজেছি। তবুও কেন আজ এই হাহাসিমুখ ছবি উড়ে যায়।"
bangla/song_33.mp3,Bangla,Rock,0,"জাহাজী... সাদা কালো এই জঞ্জালে আমি অন্য কোথাও চলে যাই। সাদা কালো এই জঞ্জালে আমি অন্য কোথায় হারিয়ে যাই। নদীর তীরে আমি একা বসে আছি, তবুও মনের মাঝে শুধু তুমি।"
bangla/song_34.mp3,Bangla,Rock,0,কবে... এই স্বপ্ন গুলো সত্যি হবে? কবে... এই হৃদয় গুলো মুক্তি পাবে? কবে এই আকাশ ছোঁয়া স্বপ্ন গুলো আমাদের হবে? কবে এই বাঁধন গুলো ছিড়ে যাবে?
bangla/song_35.mp3,Bangla,Rock,0,"তারায় তারায় রটিয়ে দেব তুমি আমার, তুমি আমার। আকাশে বাতাসে রটিয়ে দেব তুমি আমার, তুমি আমার। জগৎ সংসারে বলে দেব তুমি আমার, শুধু আমার।"
bangla/song_36.mp3,Bangla,Rock,0,তুমি হারিয়ে যেও না কখনও... শুধু চেয়ো না আমায় ভুলে যেতে। তুমি হারিয়ে যেও না কখনও... শুধু চেয়ো না আমায় ভুলে যেতে। কেন জানি না আমি তোমাকেই শুধু ভালোবাসি।
bangla/song_37.mp3,Bangla,Rock,0,আলো... আলো... আমি কখনও খুঁজে পাবো না। চাঁদের আলো... তুমি কখনও আমার হবে না। জানি আমি তবুও কেন তোমাকেই চাই? মন শুধু তোমাকেই চাই।
bangla/song_38.mp3,Bangla,Rock,0,"মেলায়... যাইরে... মেলায় যাইরে... বাসন্তী রঙ শাড়ি পরে ললনা। মেলায় যাইরে... বাসন্তী রঙ শাড়ি পরে ললনা। চলো না যাই, চলো না যাই মেলায়।"
bangla/song_39.mp3,Bangla,Rock,0,নীলা তুমি কি জানো না... নামের অর্থ কি... নীলা মানেই তো নীল... নীলা আকাশ রাশি রাশি... নীলা তুমি কি জানো না... কত ভালোবাসি... তোমায় আমি কত ভালোবাসি।
bangla/song_40.mp3,Bangla,Rock,0,দিন বাড়ি যায়... চড়ে পাখিরা... ডানায়... দিন বাড়ি যায়... ছায়া তলায়... বসে থাকা... একা একা... দিন বাড়ি যায়।
bangla/song_41.mp3,Bangla,Rock,0,এক পায়ে নূপুর তোমার অন্য পায়ে খালি... এক পাশে সাগর এক পাশে বালি... তবে কি পেয়েছি এই অনুভূতি... জানি না তবে কি হারাতে চাই... তোমায় নিয়ে।
bangla/song_42.mp3,Bangla,Rock,0,এখন অনেক রাত... খোলা আকাশে... মাতাল হাওয়া... এখন অনেক রাত... চাঁদের আলো... জোছনা... এখন অনেক রাত... তুমি নেই... পাশে তুমি নেই।
bangla/song_43.mp3,Bangla,Rock,0,অবাক ভালোবাসা... কেউরে তুমি... নাকি তুমি অন্য কারো... অবাক ভালোবাসা... কেউরে তুমি... নাকি তুমি আমার... শুধু আমার।
bangla/song_44.mp3,Bangla,Rock,0,হাসতে দেখো গাইতে দেখো... অনেক কথাই বলো... মনের ভিতর... শুকনো কান্না... ঝরে... তোমরা কেউ তা দেখো না... কেউ তা বোঝো না।
bangla/song_45.mp3,Bangla,Rock,0,শত আশা নিয়ে তুমি... ভালোবাসা নিয়ে... আজও কেন... একা... দাঁড়িয়ে... আমি আছি তোমার পাশে... শুধু তুমি নেই... আমার পাশে... শত আশা নিয়ে।
bangla/song_46.mp3,Bangla,Rock,0,কফি হাউজের সেই আড্ডাটা আজ আর নেই... আজ আর নেই... কোথায় হারিয়ে গেলো সোনালী বিকেল গুলো... সেই আড্ডাটা আজ আর নেই।
bangla/song_47.mp3,Bangla,Rock,0,নিতল পায়ে রিনিক ঝিনিক... পায়েল খানি বাজে... মাদল বাজে... সেই সুরে... মন যে নাচে... নিতল পায়ে... রিনিক ঝিনিক।
bangla/song_48.mp3,Bangla,Rock,0,আমায় ডেকো না... ফেরানো যাবে না... ফেরানো যাবে না... এই মন... আর... কোনো দিন... ফেরানো যাবে না।
bangla/song_49.mp3,Bangla,Rock,0,যেখানে সীমান্ত তোমার... সেখানে বসন্ত আমার... ভালোবাসা... দিয়ে... তোমায়... চাই... আমি... শুধু... চাই।
bangla/song_50.mp3,Bangla,Rock,0,গাড়ি চলে না... চলে না... চলে না রে... গাড়ি চলে না... চলে না... চলে না রে... চলিতে চলিতে গাড়ি... খুঁজে পায় না... দিশা।
english/song_51.mp3,English,Pop,1,I've been tryna call I've been on my own for long enough Maybe you can show me how to love maybe I'm going through withdrawals You don't even have to do too much You can turn me on with just a touch baby I look around and Sin City's cold and empty No one's around to judge me I can't see clearly when you're gone I said ooh I'm blinded by the lights No I can't sleep until I feel your touch
english/song_52.mp3,English,Pop,1,The club isn't the best place to find a lover So the bar is where I go Me and my friends at the table doing shots Drinking fast and then we talk slow Come over and start up a conversation with just me And trust me I'll give it a chance now Take my hand stop put Van the Man on the jukebox And then we start to dance and now I'm singing like Girl you know I want your love Your love was handmade for somebody like me
english/song_53.mp3,English,Pop,1,Rah rah-ah-ah-ah Roma roma-ma Gaga ooh-la-la Want your bad romance I want your ugly I want your disease I want your everything as long as it's free I want your love Love love love I want your love I want your drama the touch of your hand I want your leather-studded kiss in the sand I want your love Love love love I want your love You know that I want you And you know that I need you
english/song_54.mp3,English,Pop,1,Do you ever feel like a plastic bag Drifting through the wind wanting to start again? Do you ever feel feel so paper thin Like a house of cards one blow from caving in? Do you ever feel already buried deep? Six feet under screams but no one seems to hear a thing Do you know that there's still a chance for you? 'Cause there's a spark in you You just gotta ignite the light And let it shine Just own the night Like the Fourth of July
english/song_55.mp3,English,Pop,1,Yellow diamonds in the light And we're standing side by side As your shadow crosses mine What it takes to come alive It's the way I'm feeling I just can't deny But I've gotta let it go We found love in a hopeless place We found love in a hopeless place We found love in a hopeless place We found love in a hopeless place Shine a light through an open door Love and life I will divide
english/song_56.mp3,English,Pop,1,When I met you in the summer To my heartbeat sound We fell in love As the leaves turned brown And we could be together baby As long as skies are blue You act so innocent now But you lied so soon When I met you in the summer When I met you in the summer
english/song_57.mp3,English,Pop,1,Feeling my way through the darkness Guided by a beating heart I can't tell where the journey will end But I know where to start They tell me I'm too young to understand They say I'm caught up in a dream Well life will pass me by if I don't open up my eyes Well that's fine by me So wake me up when it's all over When I'm wiser and I'm older All this time I was finding myself
english/song_58.mp3,English,Pop,1,You shout it out but I can't hear a word you say I'm talking loud not saying much I'm criticized but all your bullets ricochet You shoot me down but I get up I'm bulletproof nothing to lose Fire away fire away Ricochet you take your aim Fire away fire away You shoot me down but I won't fall I am titanium You shoot me down but I won't fall I am titanium
english/song_59.mp3,English,Pop,1,Party girls don't get hurt Can't feel anything when will I learn I push it down push it down I'm the one for a good time call Phone's blowin' up they're ringin' my doorbell I feel the love feel the love I'm gonna swing from the chandelier from the chandelier I'm gonna live like tomorrow doesn't exist Like it doesn't exist I'm gonna fly like a bird through the night feel my tears as they dry
english/song_60.mp3,English,Pop,1,You gotta go and get angry at all of my honesty You know I try but I don't do too well with apologies I hope I don't run out of time could someone call a referee? Cause I just need one more shot at forgiveness I know you know that I made those mistakes maybe once or twice By once or twice I mean maybe a couple a hundred times So let me oh let me redeem oh redeem myself tonight Cause I just need one more shot at second chances
english/song_61.mp3,English,Pop,1,This hit that ice cold Michelle Pfeiffer that white gold This one for them hood girls Them good girls straight masterpieces Stylin' wilin' livin' it up in the city Got Chucks on with Saint Laurent Got kiss myself I'm so pretty I'm too hot hot damn Called a police and a fireman I'm too hot hot damn Make a dragon wanna retire man I'm too hot hot damn Say my name you know who I am
english/song_62.mp3,English,Pop,1,Just shoot for the stars if it feels right And aim for my heart if you feel like it Take me away and make it okay I swear I'll behave You wanted control so we waited I put on a show now we're naked You say I'm a kid my ego is big I don't give a sh*t And it goes like this Take me by the tongue and I'll know you Kiss me 'til you're drunk and I'll show you All the moves like Jagger
english/song_63.mp3,English,Pop,1,I stay out too late Got nothing in my brain That's what people say mmm-mmm That's what people say mmm-mmm I go on too many dates But I can't make them stay At least that's what people say mmm-mmm That's what people say mmm-mmm But I keep cruising Can't stop won't stop moving It's like I got this music in my mind Saying It's gonna be alright Cause the players gonna play play play play play
english/song_64.mp3,English,Pop,1,Yeah breakfast at Tiffany's and bottles of bubbles Girls with tattoos who like getting in trouble Lashes and diamonds ATM machines Buy myself all of my favorite things Been through some bad sh*t I should be a sad b*tch Who woulda thought it'd turn me to a savage? Rather be tied up with calls and not strings Write my own checks like I write what I sing yeah My wrist stop watchin' my neck is flossin'
english/song_65.mp3,English,Pop,1,White shirt now red my bloody nose Sleepin' you're on your tippy toes Creepin' around like no one knows Think you're so criminal Bruises on both my knees for you Don't say thank you or please I do what I want when I'm wanting to My soul? So cynical So you're a tough guy Like it really rough guy Just can't get enough guy Chest always so puffed guy I'm that bad type
english/song_66.mp3,English,Pop,1,First things first I'ma say all the words inside my head I'm fired up and tired of the way that things have been oh-ooh The way that things have been oh-ooh Second thing second Don't you tell me what you think that I could be I'm the one at the sail I'm the master of my sea oh-ooh The master of my sea oh-ooh I was broken from a young age Taking my sulking to the masses Writing my poems for the few
english/song_67.mp3,English,Pop,1,I'm waking up to ash and dust I wipe my brow and I sweat my rust I'm breathing in the chemicals I'm breaking in shaping up then checking out on the prison bus This is it the apocalypse Whoa I'm waking up I feel it in my bones Enough to make my systems blow Welcome to the new age to the new age Welcome to the new age to the new age Whoa oh oh oh oh whoa oh oh oh I'm radioactive radioactive
english/song_68.mp3,English,Pop,1,Lately I've been I've been losing sleep Dreaming about the things that we could be But baby I've been I've been praying hard Said no more counting dollars We'll be counting stars Yeah we'll be counting stars I see this life like a swinging vine Swing my heart across the line In my face is flashing signs Seek it out and ye shall find Old but I'm not that old Young but I'm not that bold
english/song_69.mp3,English,Pop,1,Cause you're a sky 'cause you're a sky full of stars I'm gonna give you my heart 'Cause you're a sky 'cause you're a sky full of stars 'Cause you light up the path I don't care go on and tear me apart I don't care if you do ooh 'Cause in a sky 'cause in a sky full of stars I think I saw you
english/song_70.mp3,English,Pop,1,Hey I was doing just fine before I met you I drink too much and that's an issue but I'm okay Hey you tell your friends it was nice to meet them But I hope I never see them again I know it breaks your heart Moved to the city in a broke down car And four years no call Now you're looking pretty in a hotel bar And I can't stop No I can't stop So baby pull me closer in the backseat of your Rover
english/song_71.mp3,English,Pop,1,Lately I've been I've been thinking I want you to be happier I want you to be happier When the morning comes When we see what we've become In the cold light of day we're a flame in the wind Not the fire that we've begun Every argument every word we can't take back 'Cause with all that has happened I think that we both know the way that the story ends Then only for a minute I want to change my mind
english/song_72.mp3,English,Pop,1,You were the shadow to my light Did you feel us? Another start You fade away Afraid our aim is out of sight Wanna see us Alive Where are you now? Where are you now? Where are you now? Was it all in my fantasy? Where are you now? Were you only imaginary? Where are you now? Atlantis Under the sea Under the sea Where are you now? Another dream The monster's running wild inside of me I'm faded
english/song_73.mp3,English,Pop,1,Fire up that loud Another round of shots Turn down for what? Turn down for what? Turn down for what? Turn down for what? Turn down for what?
english/song_74.mp3,English,Pop,1,Do you recall not long ago We would walk on the sidewalk Innocent remember? All we did was care for each other But the night was warm We were bold and young All around the wind blows We would only hold on to let go Blow a kiss fire a gun We need someone to lean on Blow a kiss fire a gun All we need is someone to lean on What will we do when we get old? Will we walk down the same road?
english/song_75.mp3,English,Pop,1,I'm tired of being what you want me to be Feeling so faithless lost under the surface Don't know what you're expecting of me Put under the pressure of walking in your shoes Caught in the undertow just caught in the undertow Every step that I take is another mistake to you Caught in the undertow just caught in the undertow I've become so numb I can't feel you there Become so tired so much more aware
english/song_76.mp3,English,Acoustic,1,Almost heaven West Virginia Blue Ridge Mountains Shenandoah River Life is old there older than the trees Younger than the mountains growin' like a breeze Country roads take me home To the place I belong West Virginia mountain mama Take me home country roads
english/song_77.mp3,English,Acoustic,1,Yesterday all my troubles seemed so far away Now it looks as though they're here to stay Oh I believe in yesterday Suddenly I'm not half the man I used to be There's a shadow hanging over me Oh yesterday came suddenly
english/song_78.mp3,English,Acoustic,1,Hello darkness my old friend I've come to talk with you again Because a vision softly creeping Left its seeds while I was sleeping And the vision that was planted in my brain Still remains Within the sound of silence
english/song_79.mp3,English,Acoustic,1,Wise men say only fools rush in But I can't help falling in love with you Shall I stay? Would it be a sin? If I can't help falling in love with you Like a river flows surely to the sea Darling so it goes some things are meant to be
english/song_80.mp3,English,Acoustic,1,Another turning point a fork stuck in the road Time grabs you by the wrist directs you where to go So make the best of this test and don't ask why It's not a question but a lesson learned in time It's something unpredictable but in the end is right I hope you had the time of your life
english/song_81.mp3,English,Acoustic,1,Loving can hurt loving can hurt sometimes But it's the only thing that I know When it gets hard you know it can get hard sometimes It is the only thing makes us feel alive We keep this love in a photograph We made these memories for ourselves Where our eyes are never closing Hearts are never broken and time's forever frozen still
english/song_82.mp3,English,Acoustic,1,Well you only need the light when it's burning low Only miss the sun when it starts to snow Only know you love her when you let her go Only know you've been high when you're feeling low Only hate the road when you're missing home Only know you love her when you let her go And you let her go
english/song_83.mp3,English,Acoustic,1,Saying I love you Is not the words I want to hear from you It's not that I want you Not to say but if you only knew How easy it would be to show me how you feel More than words is all you have to do to make it real Then you wouldn't have to say that you love me
english/song_84.mp3,English,Acoustic,1,Would you know my name If I saw you in heaven? Would it be the same If I saw you in heaven? I must be strong and carry on 'Cause I know I don't belong here in heaven Would you hold my hand If I saw you in heaven?
english/song_85.mp3,English,Rock,1,Desperado why don't you come to your senses? You've been out ridin' fences for so long now Oh you're a hard one I know that you got your reasons These things that are pleasin' you Can hurt you somehow Don't you draw the queen of diamonds boy She'll beat you if she's able
english/song_86.mp3,English,Rock,1,Is this the real life? Is this just fantasy? Caught in a landslide no escape from reality Open your eyes look up to the skies and see I'm just a poor boy I need no sympathy Because I'm easy come easy go little high little low Any way the wind blows doesn't really matter to me
english/song_87.mp3,English,Rock,1,Buddy you're a boy make a big noise Playing in the street gonna be a big man someday You got mud on your face you big disgrace Kicking your can all over the place Singing we will we will rock you We will we will rock you
english/song_88.mp3,English,Rock,1,She's a killer queen gunpowder gelatine Dynamite with a laser beam Guaranteed to blow your mind Anytime Recommended at the price Insatiable an appetite wanna try?
english/song_89.mp3,English,Rock,1,Load up on guns bring your friends It's fun to lose and to pretend She's over-bored and self-assured Oh no I know a dirty word With the lights out it's less dangerous Here we are now entertain us I feel stupid and contagious Here we are now entertain us
english/song_90.mp3,English,Rock,1,Come as you are as you were As I want you to be As a friend as a friend as an old enemy Take your time hurry up choice is yours don't be late Take a rest as a friend as an old memory
english/song_91.mp3,English,Rock,1,I'm so happy 'cause today I found my friends They're in my head I'm so ugly but that's okay 'cause so are you We've broken our mirrors Sunday morning is everyday for all I care And I'm not scared Light my candles in a daze 'Cause I've found God
english/song_92.mp3,English,Rock,1,It's been a long day without you my friend And I'll tell you all about it when I see you again We've come a long way from where we began Oh I'll tell you all about it when I see you again When I see you again
english/song_93.mp3,English,Rock,1,I tried so hard and got so far But in the end it doesn't even matter I had to fall to lose it all But in the end it doesn't even matter One thing I don't know why It doesn't even matter how hard you try Keep that in mind I designed this rhyme To explain in due time
english/song_94.mp3,English,Rock,1,Memories consume like opening the wound I'm picking me apart again You all assume I'm safe here in my room Unless I try to start again I don't want to be the one the battles always choose 'Cause inside I realize that I'm the one confused I don't know what's worth fighting for Or why I have to scream
english/song_95.mp3,English,Rock,1,Crawling in my skin these wounds they will not heal Fear is how I fall confusing what is real There's something inside me that pulls beneath the surface Consuming confusing This lack of self control I fear is never ending Controlling I can't seem
english/song_96.mp3,English,Rock,1,When I was a young boy my father took me into the city To see a marching band He said Son when you grow up would you be the savior of the broken The beaten and the damned? He said Will you defeat them your demons and all the non-believers The plans that they have made?
english/song_97.mp3,English,Rock,1,I walk a lonely road The only one that I have ever known Don't know where it goes But it's home to me and I walk alone I walk this empty street On the boulevard of broken dreams Where the city sleeps And I'm the only one and I walk alone
english/song_98.mp3,English,Rock,1,Wake me up when September ends Like my fathers come to pass Seven years has gone so fast Wake me up when September ends Here comes the rain again Falling from the stars Drenched in my pain again Becoming who we are
english/song_99.mp3,English,Rock,1,Do you have the time to listen to me whine About nothing and everything all at once I am one of those Melodramatic fools Neurotic to the bone No doubt about it Sometimes I give myself the creeps Sometimes my mind plays tricks on me
english/song_100.mp3,English,Rock,1,Sweet child o' mine... She's got a smile that it seems to me Reminds me of childhood memories Where everything was as fresh as the bright blue sky Now and then when I see her face She takes me away to that special place And if I stare too long I'd probably break down and cry